{
  "$1656": {
    "Object Clipping": 1,
    "Can be jumped on": false,
    "Dies when jumped on": false,
    "Hop in/kick shell": false,
    "Disappears in cloud of smoke": true
  },
  "$1662": {
    "Sprite Clipping": 20,
    "Use shell as death frame": false,
    "Fall straight down when killed": false
  },
  "$166E": {
    "Use second graphics page": false,
    "Palette": 4,
    "Disable fireball killing": false,
    "Disable cape killing": false,
    "Disable water splash": false,
    "Don't interact with Layer 2": false
  },
  "$167A": {
    "Don't disable cliping when starkilled": false,
    "Invincible to star/cape/fire/bounce blk.": false,
    "Process when off screen": false,
    "Don't change into shell when stunned": false,
    "Can't be kicked like shell": false,
    "Process interaction with Mario every frame": false,
    "Gives power-up when eaten by yoshi": false,
    "Don't use default interaction with Mario": false
  },
  "$1686": {
    "Inedible": false,
    "Stay in Yoshi's mouth": false,
    "Weird ground behaviour": false,
    "Don't interact with other sprites": false,
    "Don't change direction if touched": true,
    "Don't turn into coin when goal passed": false,
    "Spawn a new sprite": false,
    "Don't interact with objects": false
  },
  "$190F": {
    "Make platform passable from below": false,
    "Don't erase when goal passed": false,
    "Can't be killed by sliding": false,
    "Takes 5 fireballs to kill": false,
    "Can be jumped on with upwards Y speed": false,
    "Death frame two tiles high": true,
    "Don't turn into a coin with silver POW": false,
    "Don't get stuck in walls (carryable sprites)": false
  },
  "AsmFile": "piranha_sideways.asm",
  "ActLike": 54,
  "Type": 1,
  "Extra Property Byte 1": 0,
  "Extra Property Byte 2": 0,
  "Additional Byte Count (extra bit clear)": 1,
  "Additional Byte Count (extra bit set)": 1,
  "Map16": "wBDQEMEQ0RDQkMCQ0ZDBkA==",
  "Displays": [
    {
      "Description": "Venus Firetrap shooting a variing number of fireballs depending on the extra property byte 1.",
      "ExtraBit": false,
      "Tiles": [
        {
          "X offset": 0,
          "Y offset": 0,
          "map16 tile": 500,
          "Selected": false
        },
        {
          "X offset": 0,
          "Y offset": -16,
          "map16 tile": 768,
          "Selected": false
        },
        {
          "X offset": -24,
          "Y offset": 0,
          "map16 tile": 281,
          "Selected": false
        }
      ],
      "X": 0,
      "Y": 0,
      "DisplayText": "",
      "UseText": false
    },
    {
      "Description": "Upside down Venus Firetrap shooting a variing number of fireballs depending on the extra property byte 1.",
      "ExtraBit": true,
      "Tiles": [
        {
          "X offset": 0,
          "Y offset": 0,
          "map16 tile": 27,
          "Selected": false
        },
        {
          "X offset": 0,
          "Y offset": 16,
          "map16 tile": 769,
          "Selected": false
        },
        {
          "X offset": -24,
          "Y offset": 8,
          "map16 tile": 281,
          "Selected": false
        }
      ],
      "X": 0,
      "Y": 0,
      "DisplayText": "",
      "UseText": false
    }
  ],
  "Collection": [
    {
      "Name": "Venus Firetrap",
      "ExtraBit": false,
      "Extra Property Byte 1": 0,
      "Extra Property Byte 2": 0,
      "Extra Property Byte 3": 0,
      "Extra Property Byte 4": 0
    },
    {
      "Name": "Venus Firetrap shooting once",
      "ExtraBit": false,
      "Extra Property Byte 1": 1,
      "Extra Property Byte 2": 0,
      "Extra Property Byte 3": 0,
      "Extra Property Byte 4": 0
    },
    {
      "Name": "Venus Firetrap shooting twice",
      "ExtraBit": false,
      "Extra Property Byte 1": 2,
      "Extra Property Byte 2": 0,
      "Extra Property Byte 3": 0,
      "Extra Property Byte 4": 0
    },
    {
      "Name": "Upside down Venus Firetrap",
      "ExtraBit": true,
      "Extra Property Byte 1": 0,
      "Extra Property Byte 2": 0,
      "Extra Property Byte 3": 0,
      "Extra Property Byte 4": 0
    },
    {
      "Name": "Upside down Venus Firetrap shooting once",
      "ExtraBit": true,
      "Extra Property Byte 1": 1,
      "Extra Property Byte 2": 0,
      "Extra Property Byte 3": 0,
      "Extra Property Byte 4": 0
    },
    {
      "Name": "Upside down Venus Firetrap shooting twice",
      "ExtraBit": true,
      "Extra Property Byte 1": 2,
      "Extra Property Byte 2": 0,
      "Extra Property Byte 3": 0,
      "Extra Property Byte 4": 0
    }
  ]
}